t,t_norm,snr_linear,snr_cosine,snr_cosine_match_linear
0,0.0,9997.3408203125,24243.53125,30011.908203125
1,0.001001001001001001,4545.6708984375,11443.212890625,14168.9462890625
2,0.002002002002002002,2778.986083984375,7224.330078125,8946.8486328125
3,0.003003003003003003,1924.3173828125,5148.54443359375,6375.7451171875
4,0.004004004004004004,1429.526611328125,3920.742919921875,4854.923828125
5,0.005005005005005005,1111.9903564453125,3119.181396484375,3861.158447265625
6,0.006006006006006006,893.593994140625,2557.672607421875,3166.9033203125
7,0.007007007007007007,735.9093627929688,2144.698486328125,2655.303955078125
8,0.008008008008008008,617.8114624023438,1829.7742919921875,2265.578857421875
9,0.009009009009009009,526.7513427734375,1583.2508544921875,1960.3299560546875
10,0.01001001001001001,454.8902282714844,1386.0052490234375,1716.2176513671875
11,0.011011011011011011,397.1020812988281,1224.95654296875,1516.750732421875
12,0.012012012012012012,349.8630065917969,1091.6934814453125,1351.7830810546875
13,0.013013013013013013,310.72247314453125,979.7796020507812,1213.1566162109375
14,0.014014014014014014,277.8858642578125,884.948974609375,1095.6934814453125
15,0.015015015015015015,250.0619659423828,803.6626586914062,995.0942993164062
16,0.016016016016016016,226.26580810546875,733.4254760742188,908.1370849609375
17,0.01701701701701702,205.74581909179688,672.18896484375,832.3192138671875
18,0.018018018018018018,187.92410278320312,618.611328125,765.9584350585938
19,0.01901901901901902,172.3362579345703,571.2691650390625,707.3776245117188
20,0.02002002002002002,158.62490844726562,529.3036499023438,655.4112548828125
21,0.021021021021021023,146.4984893798828,491.92559814453125,609.1249389648438
22,0.022022022022022022,135.71803283691406,458.3980407714844,567.622802734375
23,0.023023023023023025,126.09049224853516,428.2824401855469,530.328125
24,0.024024024024024024,117.45639038085938,401.08062744140625,496.64825439453125
25,0.025025025025025027,109.68152618408203,376.4231872558594,466.1367492675781
26,0.026026026026026026,102.65647888183594,354.020751953125,438.40118408203125
27,0.02702702702702703,96.28629302978516,333.5740661621094,413.0886535644531
28,0.028028028028028028,90.49229431152344,314.8777770996094,389.94061279296875
29,0.02902902902902903,85.20543670654297,297.7289733886719,368.705078125
30,0.03003003003003003,80.36893463134766,281.94964599609375,349.17462158203125
31,0.031031031031031032,75.93253326416016,267.41827392578125,331.1760559082031
32,0.03203203203203203,71.85319519042969,253.9922637939453,314.55694580078125
33,0.03303303303303303,68.09322357177734,241.5609893798828,299.17205810546875
34,0.03403403403403404,64.62007904052734,230.0211181640625,284.88592529296875
35,0.035035035035035036,61.40525436401367,219.3035430908203,271.61407470703125
36,0.036036036036036036,58.42350387573242,209.322509765625,259.26116943359375
37,0.037037037037037035,55.65317916870117,200.01141357421875,247.735595703125
38,0.03803803803803804,53.07417678833008,191.30885314941406,236.96119689941406
39,0.03903903903903904,50.6694221496582,183.16465759277344,226.8769989013672
40,0.04004004004004004,48.42368698120117,175.5316619873047,217.427734375
41,0.04104104104104104,46.32294845581055,168.3744354248047,208.56588745117188
42,0.042042042042042045,44.355106353759766,161.6439971923828,200.23321533203125
43,0.043043043043043044,42.509151458740234,155.3114013671875,192.39283752441406
44,0.044044044044044044,40.775001525878906,149.34695434570312,185.01048278808594
45,0.04504504504504504,39.143985748291016,143.718505859375,178.04290771484375
46,0.04604604604604605,37.60807418823242,138.40237426757812,171.4613800048828
47,0.04704704704704705,36.159908294677734,133.37789916992188,165.24107360839844
48,0.04804804804804805,34.792999267578125,128.62286376953125,159.3541717529297
49,0.04904904904904905,33.501285552978516,124.11627197265625,153.7742156982422
50,0.05005005005005005,32.27934646606445,119.84284210205078,148.4842529296875
51,0.05105105105105105,31.122230529785156,115.78743743896484,143.46429443359375
52,0.05205205205205205,30.025482177734375,111.93529510498047,138.6937255859375
53,0.05305305305305305,28.984962463378906,108.27006530761719,134.15625
54,0.05405405405405406,27.996826171875,104.783203125,129.8399658203125
55,0.055055055055055056,27.05765724182129,101.4619140625,125.72857666015625
56,0.056056056056056056,26.164257049560547,98.29637908935547,121.80924224853516
57,0.057057057057057055,25.31369400024414,95.27526092529297,118.07010650634766
58,0.05805805805805806,24.503257751464844,92.39198303222656,114.49942779541016
59,0.05905905905905906,23.730457305908203,89.63670349121094,111.0887222290039
60,0.06006006006006006,22.99302101135254,87.0033187866211,107.82847595214844
61,0.06106106106106106,22.288782119750977,84.48290252685547,104.70922088623047
62,0.062062062062062065,21.615833282470703,82.07073974609375,101.72289276123047
63,0.06306306306306306,20.97230339050293,79.7598648071289,98.86199951171875
64,0.06406406406406406,20.356496810913086,77.5457534790039,96.12071990966797
65,0.06506506506506507,19.766862869262695,75.42090606689453,93.49024963378906
66,0.06606606606606606,19.201927185058594,73.38192749023438,90.96572875976562
67,0.06706706706706707,18.660324096679688,71.42485046386719,88.54295349121094
68,0.06806806806806807,18.140798568725586,69.54407501220703,86.2146224975586
69,0.06906906906906907,17.64215850830078,67.7359848022461,83.97632598876953
70,0.07007007007007007,17.163293838500977,65.99791717529297,81.82427215576172
71,0.07107107107107107,16.70318031311035,64.32471466064453,79.75325775146484
72,0.07207207207207207,16.260847091674805,62.71441650390625,77.75961303710938
73,0.07307307307307308,15.835382461547852,61.163394927978516,75.83915710449219
74,0.07407407407407407,15.425947189331055,59.66875457763672,73.9886703491211
75,0.07507507507507508,15.031740188598633,58.227569580078125,72.20477294921875
76,0.07607607607607608,14.652023315429688,56.83750915527344,70.48397064208984
77,0.07707707707707707,14.286088943481445,55.496551513671875,68.82389831542969
78,0.07807807807807808,13.933283805847168,54.20182800292969,67.22086334228516
79,0.07907907907907907,13.592982292175293,52.95158386230469,65.67308807373047
80,0.08008008008008008,13.264593124389648,51.743778228759766,64.17803192138672
81,0.08108108108108109,12.9475736618042,50.57633972167969,62.732566833496094
82,0.08208208208208208,12.641410827636719,49.447628021240234,61.33546447753906
83,0.08308308308308308,12.345606803894043,48.35578536987305,59.983665466308594
84,0.08408408408408409,12.05970573425293,47.29963302612305,58.67587661743164
85,0.08508508508508508,11.783254623413086,46.277076721191406,57.40998077392578
86,0.08608608608608609,11.515864372253418,45.28708267211914,56.1842041015625
87,0.08708708708708708,11.257129669189453,44.32789993286133,54.996849060058594
88,0.08808808808808809,11.006684303283691,43.39885330200195,53.84650421142578
89,0.0890890890890891,10.764172554016113,42.49809646606445,52.73145294189453
90,0.09009009009009009,10.529274940490723,41.62493133544922,51.65042495727539
91,0.09109109109109109,10.30166244506836,40.77801513671875,50.60187911987305
92,0.0920920920920921,10.081048011779785,39.95610046386719,49.58436584472656
93,0.09309309309309309,9.867142677307129,39.158687591552734,48.597259521484375
94,0.0940940940940941,9.659679412841797,38.384429931640625,47.638633728027344
95,0.09509509509509509,9.458392143249512,37.6327018737793,46.707950592041016
96,0.0960960960960961,9.263051986694336,36.90245056152344,45.803855895996094
97,0.0970970970970971,9.073429107666016,36.19294357299805,44.92546844482422
98,0.0980980980980981,8.889287948608398,35.503475189208984,44.07193374633789
99,0.0990990990990991,8.710431098937988,34.833133697509766,43.24208068847656
100,0.1001001001001001,8.536648750305176,34.18143081665039,42.43514633178711
101,0.1011011011011011,8.367764472961426,33.547393798828125,41.65028762817383
102,0.1021021021021021,8.203585624694824,32.930450439453125,40.88649368286133
103,0.1031031031031031,8.043940544128418,32.33025360107422,40.14341735839844
104,0.1041041041041041,7.88866662979126,31.745935440063477,39.420013427734375
105,0.10510510510510511,7.737600803375244,31.177122116088867,38.71587371826172
106,0.1061061061061061,7.590603351593018,30.623144149780273,38.02994155883789
107,0.10710710710710711,7.447516918182373,30.083480834960938,37.361778259277344
108,0.10810810810810811,7.308217525482178,29.55764389038086,36.71076202392578
109,0.1091091091091091,7.172558307647705,29.045211791992188,36.076473236083984
110,0.11011011011011011,7.0404253005981445,28.545778274536133,35.458099365234375
111,0.1111111111111111,6.911691188812256,28.058902740478516,34.85533905029297
112,0.11211211211211211,6.786244869232178,27.584014892578125,34.26736831665039
113,0.11311311311311312,6.663975238800049,27.120956420898438,33.694061279296875
114,0.11411411411411411,6.54477071762085,26.669103622436523,33.13465118408203
115,0.11511511511511512,6.42853307723999,26.228225708007812,32.58882522583008
116,0.11611611611611612,6.315169334411621,25.7979679107666,32.05614471435547
117,0.11711711711711711,6.204578876495361,25.37798500061035,31.536117553710938
118,0.11811811811811812,6.096678733825684,24.967906951904297,31.028406143188477
119,0.11911911911911911,5.991374969482422,24.567462921142578,30.532682418823242
120,0.12012012012012012,5.888592720031738,24.17623519897461,30.0483341217041
121,0.12112112112112113,5.788248062133789,23.79419708251953,29.57529640197754
122,0.12212212212212212,5.6902642250061035,23.420841217041016,29.11310577392578
123,0.12312312312312312,5.594571113586426,23.056011199951172,28.661376953125
124,0.12412412412412413,5.501096248626709,22.699411392211914,28.219894409179688
125,0.12512512512512514,5.409768104553223,22.35079002380371,27.788249969482422
126,0.12612612612612611,5.320530414581299,22.00994110107422,27.36624526977539
127,0.12712712712712712,5.233312606811523,21.676570892333984,26.953500747680664
128,0.12812812812812813,5.148058891296387,21.35057830810547,26.549924850463867
129,0.12912912912912913,5.064706325531006,21.031713485717773,26.155113220214844
130,0.13013013013013014,4.983204364776611,20.719654083251953,25.76876449584961
131,0.13113113113113112,4.903493881225586,20.41431427001953,25.390682220458984
132,0.13213213213213212,4.825527191162109,20.115447998046875,25.020668029785156
133,0.13313313313313313,4.749252796173096,19.822973251342773,24.658571243286133
134,0.13413413413413414,4.674619197845459,19.53658103942871,24.304046630859375
135,0.13513513513513514,4.601584434509277,19.256149291992188,23.956809997558594
136,0.13613613613613615,4.530099391937256,18.981582641601562,23.616880416870117
137,0.13713713713713713,4.460124492645264,18.712621688842773,23.28383445739746
138,0.13813813813813813,4.391616344451904,18.44920539855957,22.95769691467285
139,0.13913913913913914,4.324531555175781,18.191068649291992,22.638105392456055
140,0.14014014014014015,4.258833885192871,17.938175201416016,22.324981689453125
141,0.14114114114114115,4.19448709487915,17.690319061279297,22.01808738708496
142,0.14214214214214213,4.1314520835876465,17.447406768798828,21.717317581176758
143,0.14314314314314314,4.069694519042969,17.209264755249023,21.422508239746094
144,0.14414414414414414,4.009180068969727,16.975826263427734,21.133472442626953
145,0.14514514514514515,3.9498751163482666,16.746944427490234,20.85008430480957
146,0.14614614614614616,3.8917486667633057,16.522464752197266,20.572141647338867
147,0.14714714714714713,3.834770917892456,16.30230712890625,20.299560546875
148,0.14814814814814814,3.7789103984832764,16.086376190185547,20.032197952270508
149,0.14914914914914915,3.7241384983062744,15.874547958374023,19.769947052001953
150,0.15015015015015015,3.670428514480591,15.666731834411621,19.512651443481445
151,0.15115115115115116,3.6177518367767334,15.462793350219727,19.260135650634766
152,0.15215215215215216,3.5660836696624756,15.262649536132812,19.0123291015625
153,0.15315315315315314,3.5153985023498535,15.06623649597168,18.769136428833008
154,0.15415415415415415,3.465670585632324,14.873430252075195,18.530441284179688
155,0.15515515515515516,3.4168758392333984,14.684141159057617,18.296066284179688
156,0.15615615615615616,3.3689937591552734,14.498296737670898,18.065950393676758
157,0.15715715715715717,3.3219995498657227,14.315812110900879,17.840007781982422
158,0.15815815815815815,3.2758736610412598,14.136605262756348,17.618120193481445
159,0.15915915915915915,3.230592966079712,13.960609436035156,17.400226593017578
160,0.16016016016016016,3.1861379146575928,13.78774642944336,17.18619155883789
161,0.16116116116116116,3.142488718032837,13.617928504943848,16.975921630859375
162,0.16216216216216217,3.099626302719116,13.451095581054688,16.769350051879883
163,0.16316316316316315,3.057532787322998,13.287175178527832,16.566368103027344
164,0.16416416416416416,3.0161890983581543,13.126076698303223,16.36690902709961
165,0.16516516516516516,2.9755775928497314,12.967766761779785,16.1708927154541
166,0.16616616616616617,2.9356815814971924,12.812182426452637,15.978255271911621
167,0.16716716716716717,2.896484851837158,12.659269332885742,15.788901329040527
168,0.16816816816816818,2.8579719066619873,12.50892162322998,15.602737426757812
169,0.16916916916916916,2.8201255798339844,12.361124038696289,15.4197416305542
170,0.17017017017017017,2.782931089401245,12.21579647064209,15.239792823791504
171,0.17117117117117117,2.746375322341919,12.07287311553955,15.062822341918945
172,0.17217217217217218,2.710442066192627,11.932340621948242,14.888809204101562
173,0.17317317317317318,2.6751182079315186,11.794143676757812,14.717672348022461
174,0.17417417417417416,2.640390396118164,11.658180236816406,14.549331665039062
175,0.17517517517517517,2.6062445640563965,11.524460792541504,14.38374137878418
176,0.17617617617617617,2.572669267654419,11.392894744873047,14.220826148986816
177,0.17717717717717718,2.53965163230896,11.263437271118164,14.060526847839355
178,0.1781781781781782,2.5071792602539062,11.136068344116211,13.902814865112305
179,0.17917917917917917,2.4752395153045654,11.010758399963379,13.747645378112793
180,0.18018018018018017,2.4438226222991943,10.887412071228027,13.594911575317383
181,0.18118118118118118,2.412916660308838,10.766012191772461,13.444576263427734
182,0.18218218218218218,2.3825106620788574,10.646525382995605,13.296610832214355
183,0.1831831831831832,2.3525948524475098,10.528902053833008,13.150954246520996
184,0.1841841841841842,2.32315731048584,10.413118362426758,13.007580757141113
185,0.18518518518518517,2.294189691543579,10.29911994934082,12.866418838500977
186,0.18618618618618618,2.265681266784668,10.186899185180664,12.727444648742676
187,0.1871871871871872,2.237623453140259,10.07636547088623,12.59057903289795
188,0.1881881881881882,2.2100062370300293,9.967521667480469,12.455788612365723
189,0.1891891891891892,2.1828203201293945,9.860325813293457,12.323043823242188
190,0.19019019019019018,2.1560580730438232,9.754756927490234,12.19231128692627
191,0.19119119119119118,2.1297097206115723,9.650774002075195,12.063549041748047
192,0.1921921921921922,2.1037673950195312,9.548337936401367,11.936688423156738
193,0.1931931931931932,2.07822322845459,9.447418212890625,11.81171989440918
194,0.1941941941941942,2.0530683994293213,9.348002433776855,11.68859577178955
195,0.19519519519519518,2.0282962322235107,9.250035285949707,11.567277908325195
196,0.1961961961961962,2.003899335861206,9.153512001037598,11.44775104522705
197,0.1971971971971972,1.9798693656921387,9.05839729309082,11.329950332641602
198,0.1981981981981982,1.9561995267868042,8.964652061462402,11.213861465454102
199,0.1991991991991992,1.9328827857971191,8.872272491455078,11.099456787109375
200,0.2002002002002002,1.909912347793579,8.78121280670166,10.986688613891602
201,0.2012012012012012,1.8872815370559692,8.691459655761719,10.875531196594238
202,0.2022022022022022,1.8649837970733643,8.60297679901123,10.765954971313477
203,0.2032032032032032,1.8430129289627075,8.515759468078613,10.657944679260254
204,0.2042042042042042,1.8213626146316528,8.429746627807617,10.551414489746094
205,0.20520520520520522,1.8000270128250122,8.344962120056152,10.446422576904297
206,0.2062062062062062,1.77899968624115,8.261346817016602,10.342862129211426
207,0.2072072072072072,1.7582758665084839,8.1788969039917,10.240752220153809
208,0.2082082082082082,1.7378491163253784,8.097597122192383,10.140057563781738
209,0.2092092092092092,1.717713713645935,8.017419815063477,10.04075813293457
210,0.21021021021021022,1.6978646516799927,7.938328742980957,9.9428071975708
211,0.21121121121121122,1.6782969236373901,7.860318183898926,9.846185684204102
212,0.2122122122122122,1.659005045890808,7.78336763381958,9.750883102416992
213,0.2132132132132132,1.6399842500686646,7.707462310791016,9.656876564025879
214,0.21421421421421422,1.6212290525436401,7.632586479187012,9.564132690429688
215,0.21521521521521522,1.6027352809906006,7.558699131011963,9.472623825073242
216,0.21621621621621623,1.5844982862472534,7.485808849334717,9.382338523864746
217,0.2172172172172172,1.5665130615234375,7.413878917694092,9.293256759643555
218,0.2182182182182182,1.548775553703308,7.342901229858398,9.205342292785645
219,0.21921921921921922,1.5312808752059937,7.272858142852783,9.1185884475708
220,0.22022022022022023,1.514025092124939,7.203732967376709,9.032965660095215
221,0.22122122122122123,1.4970041513442993,7.135516166687012,8.948473930358887
222,0.2222222222222222,1.4802135229110718,7.068188190460205,8.865079879760742
223,0.22322322322322322,1.4636497497558594,7.001720905303955,8.782752990722656
224,0.22422422422422422,1.4473083019256592,6.936118125915527,8.701491355895996
225,0.22522522522522523,1.4311857223510742,6.871353626251221,8.621271133422852
226,0.22622622622622623,1.4152783155441284,6.8074235916137695,8.542083740234375
227,0.22722722722722724,1.3995825052261353,6.744297981262207,8.463885307312012
228,0.22822822822822822,1.3840941190719604,6.681977272033691,8.386690139770508
229,0.22922922922922923,1.3688100576400757,6.62044095993042,8.310464859008789
230,0.23023023023023023,1.3537267446517944,6.559681415557861,8.235198974609375
231,0.23123123123123124,1.3388410806655884,6.499678611755371,8.160869598388672
232,0.23223223223223224,1.3241496086120605,6.440423011779785,8.0874662399292
233,0.23323323323323322,1.3096489906311035,6.381907939910889,8.01497745513916
234,0.23423423423423423,1.2953362464904785,6.324117183685303,7.943388938903809
235,0.23523523523523523,1.2812081575393677,6.267025947570801,7.8726606369018555
236,0.23623623623623624,1.2672618627548218,6.210644721984863,7.802820205688477
237,0.23723723723723725,1.2534940242767334,6.1549482345581055,7.733820915222168
238,0.23823823823823823,1.239902138710022,6.099937438964844,7.665675640106201
239,0.23923923923923923,1.2264831066131592,6.0455827713012695,7.598338603973389
240,0.24024024024024024,1.2132341861724854,5.99188756942749,7.531818866729736
241,0.24124124124124124,1.2001527547836304,5.938835620880127,7.466094017028809
242,0.24224224224224225,1.1872360706329346,5.886421203613281,7.401159286499023
243,0.24324324324324326,1.1744815111160278,5.834631443023682,7.336997985839844
244,0.24424424424424424,1.16188645362854,5.783463954925537,7.273604869842529
245,0.24524524524524524,1.1494483947753906,5.732892036437988,7.210951805114746
246,0.24624624624624625,1.137164831161499,5.68291711807251,7.149038314819336
247,0.24724724724724725,1.1250332593917847,5.633533954620361,7.087852954864502
248,0.24824824824824826,1.1130516529083252,5.584725856781006,7.027379989624023
249,0.24924924924924924,1.1012173891067505,5.536482810974121,6.967607498168945
250,0.2502502502502503,1.0895280838012695,5.488803386688232,6.908532619476318
251,0.25125125125125125,1.0779818296432495,5.441668510437012,6.850131988525391
252,0.25225225225225223,1.0665762424468994,5.395086765289307,6.79241418838501
253,0.25325325325325326,1.0553092956542969,5.349032402038574,6.735350131988525
254,0.25425425425425424,1.0441783666610718,5.303505897521973,6.6789398193359375
255,0.2552552552552553,1.0331822633743286,5.258499622344971,6.623172760009766
256,0.25625625625625625,1.0223183631896973,5.2140045166015625,6.568039417266846
257,0.25725725725725723,1.011584758758545,5.170011043548584,6.513523101806641
258,0.25825825825825827,1.0009794235229492,5.1265082359313965,6.4596171379089355
259,0.25925925925925924,0.9905005097389221,5.083499908447266,6.406322479248047
260,0.2602602602602603,0.9801462292671204,5.040971755981445,6.35361909866333
261,0.26126126126126126,0.9699147343635559,4.998911380767822,6.301501750946045
262,0.26226226226226224,0.959804117679596,4.95732307434082,6.249964714050293
263,0.26326326326326327,0.9498125314712524,4.916194915771484,6.198995590209961
264,0.26426426426426425,0.939938485622406,4.875514984130859,6.148582458496094
265,0.2652652652652653,0.9301800727844238,4.835287570953369,6.098729610443115
266,0.26626626626626626,0.9205356240272522,4.795496940612793,6.049419403076172
267,0.2672672672672673,0.9110034704208374,4.756138801574707,6.000639915466309
268,0.2682682682682683,0.9015819430351257,4.717210292816162,5.952395915985107
269,0.26926926926926925,0.8922696113586426,4.678700923919678,5.904670238494873
270,0.2702702702702703,0.883064866065979,4.640608310699463,5.8574604988098145
271,0.27127127127127126,0.8739659786224365,4.602925777435303,5.810756683349609
272,0.2722722722722723,0.8649718761444092,4.5656418800354,5.764545440673828
273,0.2732732732732733,0.8560805320739746,4.528761863708496,5.718836307525635
274,0.27427427427427425,0.8472908735275269,4.492270469665527,5.673604965209961
275,0.2752752752752753,0.8386013507843018,4.456166744232178,5.628852844238281
276,0.27627627627627627,0.8300104737281799,4.420445442199707,5.584578514099121
277,0.2772772772772773,0.8215170502662659,4.385097026824951,5.540763854980469
278,0.2782782782782783,0.8131195902824402,4.350123405456543,5.49741268157959
279,0.27927927927927926,0.8048167824745178,4.315509796142578,5.454505920410156
280,0.2802802802802803,0.7966073751449585,4.281261444091797,5.412048816680908
281,0.28128128128128127,0.7884899377822876,4.247368335723877,5.3700361251831055
282,0.2822822822822823,0.7804633975028992,4.213824272155762,5.328455448150635
283,0.2832832832832833,0.7725264430046082,4.180623531341553,5.287298679351807
284,0.28428428428428426,0.7646778225898743,4.147767066955566,5.2465667724609375
285,0.2852852852852853,0.7569162845611572,4.115248203277588,5.206255912780762
286,0.2862862862862863,0.7492407560348511,4.083059310913086,5.166348457336426
287,0.2872872872872873,0.7416501045227051,4.0511980056762695,5.126850605010986
288,0.2882882882882883,0.7341429591178894,4.019657611846924,5.087747097015381
289,0.28928928928928926,0.7267184257507324,3.988438367843628,5.049041271209717
290,0.2902902902902903,0.719375491142273,3.9575321674346924,5.01072359085083
291,0.2912912912912913,0.7121127843856812,3.926938533782959,4.972792625427246
292,0.2922922922922923,0.7049294710159302,3.896648645401001,4.935234546661377
293,0.2932932932932933,0.697824239730835,3.866664171218872,4.8980584144592285
294,0.29429429429429427,0.6907963752746582,3.8369760513305664,4.8612470626831055
295,0.2952952952952953,0.6838446855545044,3.8075833320617676,4.824801445007324
296,0.2962962962962963,0.6769682765007019,3.7784762382507324,4.788708209991455
297,0.2972972972972973,0.6701660752296448,3.7496590614318848,4.752974510192871
298,0.2982982982982983,0.663437008857727,3.721127510070801,4.717596054077148
299,0.2992992992992993,0.6567804217338562,3.6928672790527344,4.682551383972168
300,0.3003003003003003,0.6501950621604919,3.6648900508880615,4.647855758666992
301,0.3013013013013013,0.6436803936958313,3.6371841430664062,4.613497257232666
302,0.3023023023023023,0.6372352242469788,3.609740734100342,4.579464912414551
303,0.3033033033033033,0.6308587193489075,3.5825676918029785,4.545765399932861
304,0.30430430430430433,0.6245500445365906,3.5556576251983643,4.512391090393066
305,0.3053053053053053,0.6183082461357117,3.5290017127990723,4.479331970214844
306,0.3063063063063063,0.6121326088905334,3.5026016235351562,4.446587562561035
307,0.3073073073073073,0.606022298336029,3.476454973220825,4.414158821105957
308,0.3083083083083083,0.5999763607978821,3.450556993484497,4.382035732269287
309,0.30930930930930933,0.5939940214157104,3.424905776977539,4.350220680236816
310,0.3103103103103103,0.5880746245384216,3.3994953632354736,4.318699836730957
311,0.3113113113113113,0.5822173357009888,3.374323844909668,4.287478446960449
312,0.3123123123123123,0.5764212608337402,3.3493902683258057,4.256550312042236
313,0.3133133133133133,0.5706856846809387,3.3246891498565674,4.225907325744629
314,0.31431431431431434,0.5650100708007812,3.3002195358276367,4.195553302764893
315,0.3153153153153153,0.5593933463096619,3.2759761810302734,4.1654767990112305
316,0.3163163163163163,0.5538350939750671,3.251960515975952,4.135684013366699
317,0.3173173173173173,0.5483344197273254,3.2281641960144043,4.1061625480651855
318,0.3183183183183183,0.5428906083106995,3.2045884132385254,4.0769124031066895
319,0.31931931931931934,0.537503182888031,3.181230306625366,4.047932147979736
320,0.3203203203203203,0.5321711897850037,3.158088207244873,4.019218921661377
321,0.3213213213213213,0.5268941521644592,3.1351547241210938,3.9907636642456055
322,0.32232232232232233,0.5216712951660156,3.112431764602661,3.962569236755371
323,0.3233233233233233,0.5165020227432251,3.0899150371551514,3.934629201889038
324,0.32432432432432434,0.5113857388496399,3.0676043033599854,3.906944513320923
325,0.3253253253253253,0.5063217282295227,3.045492649078369,3.879507541656494
326,0.3263263263263263,0.5013093948364258,3.0235824584960938,3.852318525314331
327,0.32732732732732733,0.49634820222854614,3.00186824798584,3.8253707885742188
328,0.3283283283283283,0.4914374351501465,2.9803473949432373,3.7986631393432617
329,0.32932932932932935,0.48657646775245667,2.9590203762054443,3.772195339202881
330,0.3303303303303303,0.48176485300064087,2.9378838539123535,3.7459628582000732
331,0.33133133133133136,0.4770020544528961,2.9169349670410156,3.719964027404785
332,0.33233233233233234,0.4722873270511627,2.896171808242798,3.6941933631896973
333,0.3333333333333333,0.4676201641559601,2.8755908012390137,3.6686480045318604
334,0.33433433433433435,0.4630000591278076,2.8551926612854004,3.643328905105591
335,0.3353353353353353,0.45842647552490234,2.834972858428955,3.6182310581207275
336,0.33633633633633636,0.4538988173007965,2.8149311542510986,3.593351364135742
337,0.33733733733733734,0.4494166672229767,2.7950632572174072,3.5686886310577393
338,0.3383383383383383,0.44497933983802795,2.7753701210021973,3.544241189956665
339,0.33933933933933935,0.4405864179134369,2.755847215652466,3.5200042724609375
340,0.34034034034034033,0.4362374544143677,2.7364931106567383,3.495976209640503
341,0.34134134134134136,0.43193188309669495,2.717305898666382,3.4721555709838867
342,0.34234234234234234,0.42766910791397095,2.6982860565185547,3.448540210723877
343,0.3433433433433433,0.4234488904476166,2.6794278621673584,3.425126314163208
344,0.34434434434434436,0.41927051544189453,2.6607322692871094,3.4019112586975098
345,0.34534534534534533,0.41513365507125854,2.6421961784362793,3.3788952827453613
346,0.34634634634634637,0.41103777289390564,2.623817205429077,3.3560733795166016
347,0.34734734734734735,0.4069824516773224,2.605595827102661,3.3334455490112305
348,0.3483483483483483,0.402967244386673,2.5875275135040283,3.3110084533691406
349,0.34934934934934936,0.3989916145801544,2.5696136951446533,3.2887606620788574
350,0.35035035035035034,0.39505526423454285,2.5518505573272705,3.266700267791748
351,0.35135135135135137,0.3911576569080353,2.5342366695404053,3.2448248863220215
352,0.35235235235235235,0.38729843497276306,2.516770124435425,3.2231311798095703
353,0.3533533533533533,0.3834770917892456,2.4994497299194336,3.201617956161499
354,0.35435435435435436,0.3796933591365814,2.4822752475738525,3.180284261703491
355,0.35535535535535534,0.37594664096832275,2.465240716934204,3.1591250896453857
356,0.3563563563563564,0.37223660945892334,2.4483513832092285,3.1381442546844482
357,0.35735735735735735,0.3685629665851593,2.4316000938415527,3.117335557937622
358,0.35835835835835833,0.3649251163005829,2.4149868488311768,3.0966970920562744
359,0.35935935935935936,0.361322820186615,2.398510456085205,3.0762269496917725
360,0.36036036036036034,0.3577556610107422,2.382169723510742,3.055924892425537
361,0.3613613613613614,0.3542233407497406,2.365962505340576,3.0357882976531982
362,0.36236236236236236,0.35072532296180725,2.3498878479003906,3.0158159732818604
363,0.3633633633633634,0.34726130962371826,2.33394455909729,2.9960062503814697
364,0.36436436436436437,0.343830943107605,2.318129539489746,2.9763541221618652
365,0.36536536536536535,0.34043386578559875,2.3024442195892334,2.956862688064575
366,0.3663663663663664,0.33706972002983093,2.286886692047119,2.9375288486480713
367,0.36736736736736736,0.3337382376194,2.271453857421875,2.918349266052246
368,0.3683683683683684,0.3304389417171478,2.2561450004577637,2.8993232250213623
369,0.36936936936936937,0.32717153429985046,2.2409582138061523,2.8804476261138916
370,0.37037037037037035,0.32393568754196167,2.2258944511413574,2.861724615097046
371,0.3713713713713714,0.32073113322257996,2.2109503746032715,2.843148708343506
372,0.37237237237237236,0.3175574541091919,2.1961259841918945,2.824721097946167
373,0.3733733733733734,0.3144143521785736,2.1814184188842773,2.806438446044922
374,0.3743743743743744,0.3113015294075012,2.1668288707733154,2.7883012294769287
375,0.37537537537537535,0.30821865797042847,2.152355194091797,2.7703075408935547
376,0.3763763763763764,0.3051654100418091,2.1379940509796143,2.7524518966674805
377,0.37737737737737737,0.3021415174007416,2.123746871948242,2.7347378730773926
378,0.3783783783783784,0.2991466522216797,2.1096105575561523,2.717160940170288
379,0.3793793793793794,0.29618051648139954,2.0955865383148193,2.6997222900390625
380,0.38038038038038036,0.29324281215667725,2.0816712379455566,2.6824183464050293
381,0.3813813813813814,0.29033327102661133,2.0678646564483643,2.665248394012451
382,0.38238238238238237,0.2874515652656555,2.0541651248931885,2.6482114791870117
383,0.3833833833833834,0.2845974266529083,2.04057240486145,2.631305456161499
384,0.3843843843843844,0.28177061676979065,2.0270838737487793,2.614529848098755
385,0.38538538538538536,0.27897077798843384,2.013700485229492,2.5978829860687256
386,0.3863863863863864,0.2761977016925812,2.000420331954956,2.5813634395599365
387,0.38738738738738737,0.2734510898590088,1.987242341041565,2.5649707317352295
388,0.3883883883883884,0.2707306742668152,1.9741648435592651,2.5487020015716553
389,0.3893893893893894,0.2680361568927765,1.961187720298767,2.532557964324951
390,0.39039039039039036,0.26536738872528076,1.9483094215393066,2.5165350437164307
391,0.3913913913913914,0.26272398233413696,1.9355307817459106,2.5006349086761475
392,0.3923923923923924,0.26010578870773315,1.9228466749191284,2.4848525524139404
393,0.3933933933933934,0.25751248002052307,1.9102596044540405,2.4691896438598633
394,0.3943943943943944,0.2549438178539276,1.8977675437927246,2.453644037246704
395,0.3953953953953954,0.2523995637893677,1.8853707313537598,2.438216209411621
396,0.3963963963963964,0.24987953901290894,1.8730663061141968,2.4229023456573486
397,0.3973973973973974,0.24738340079784393,1.8608546257019043,2.407703161239624
398,0.3983983983983984,0.24491097033023834,1.8487352132797241,2.392618179321289
399,0.3993993993993994,0.24246200919151306,1.8367055654525757,2.3776438236236572
400,0.4004004004004004,0.240036278963089,1.8247653245925903,2.3627800941467285
401,0.4014014014014014,0.23763355612754822,1.8129150867462158,2.348027229309082
402,0.4024024024024024,0.23525363206863403,1.8011523485183716,2.3333828449249268
403,0.4034034034034034,0.23289622366428375,1.7894762754440308,2.31884503364563
404,0.4044044044044044,0.23056115210056305,1.777886152267456,2.3044145107269287
405,0.40540540540540543,0.2282482236623764,1.7663829326629639,2.2900900840759277
406,0.4064064064064064,0.22595717012882233,1.7549631595611572,2.275869131088257
407,0.4074074074074074,0.22368784248828888,1.743627905845642,2.2617526054382324
408,0.4084084084084084,0.22143995761871338,1.732376217842102,2.24773907661438
409,0.4094094094094094,0.2192133218050003,1.7212061882019043,2.2338266372680664
410,0.41041041041041043,0.21700775623321533,1.710118055343628,2.220015048980713
411,0.4114114114114114,0.21482308208942413,1.6991097927093506,2.2063026428222656
412,0.4124124124124124,0.2126590609550476,1.6881824731826782,2.1926894187927246
413,0.4134134134134134,0.21051545441150665,1.6773334741592407,2.179173231124878
414,0.4144144144144144,0.20839214324951172,1.666563630104065,2.165755033493042
415,0.41541541541541543,0.2062889039516449,1.6558712720870972,2.1524317264556885
416,0.4164164164164164,0.20420555770397186,1.6452564001083374,2.139204263687134
417,0.4174174174174174,0.2021418660879135,1.634716510772705,2.1260697841644287
418,0.4184184184184184,0.20009766519069672,1.624253273010254,2.113030195236206
419,0.4194194194194194,0.19807277619838715,1.6138651371002197,2.100083112716675
420,0.42042042042042044,0.19606703519821167,1.6035499572753906,2.087226152420044
421,0.4214214214214214,0.19408023357391357,1.5933098793029785,2.0744619369506836
422,0.42242242242242245,0.19211219251155853,1.5831413269042969,2.0617854595184326
423,0.42342342342342343,0.1901627480983734,1.5730462074279785,2.0491998195648193
424,0.4244244244244244,0.1882316917181015,1.5630215406417847,2.0367019176483154
425,0.42542542542542544,0.18631888926029205,1.5530683994293213,2.024291753768921
426,0.4264264264264264,0.18442414700984955,1.5431849956512451,2.011967420578003
427,0.42742742742742745,0.18254731595516205,1.5333716869354248,1.9997303485870361
428,0.42842842842842843,0.18068820238113403,1.5236274003982544,1.9875779151916504
429,0.4294294294294294,0.17884664237499237,1.5139509439468384,1.9755088090896606
430,0.43043043043043044,0.17702247202396393,1.5043420791625977,1.9635237455368042
431,0.4314314314314314,0.17521555721759796,1.4948004484176636,1.9516212940216064
432,0.43243243243243246,0.17342570424079895,1.4853253364562988,1.9398012161254883
433,0.43343343343343343,0.17165277898311615,1.4759165048599243,1.928063154220581
434,0.4344344344344344,0.16989658772945404,1.4665724039077759,1.9164047241210938
435,0.43543543543543545,0.16815701127052307,1.4572935104370117,1.9048261642456055
436,0.4364364364364364,0.16643385589122772,1.4480777978897095,1.8933262825012207
437,0.43743743743743746,0.16472701728343964,1.438926339149475,1.881905198097229
438,0.43843843843843844,0.1630363017320633,1.4298381805419922,1.8705626726150513
439,0.4394394394394394,0.16136157512664795,1.420811414718628,1.8592958450317383
440,0.44044044044044045,0.15970270335674286,1.411847472190857,1.8481065034866333
441,0.44144144144144143,0.1580595225095749,1.4029446840286255,1.8369925022125244
442,0.44244244244244246,0.1564319133758545,1.394102692604065,1.8259538412094116
443,0.44344344344344344,0.15481968224048615,1.3853214979171753,1.814989447593689
444,0.4444444444444444,0.1532227247953415,1.3765990734100342,1.804098129272461
445,0.44544544544544545,0.1516408920288086,1.3679372072219849,1.793280839920044
446,0.44644644644644643,0.1500740647315979,1.3593331575393677,1.7825353145599365
447,0.44744744744744747,0.1485220491886139,1.3507872819900513,1.7718615531921387
448,0.44844844844844844,0.1469847857952118,1.3422991037368774,1.7612589597702026
449,0.4494494494494494,0.1454620659351349,1.3338687419891357,1.7507271766662598
450,0.45045045045045046,0.1439538151025772,1.3254942893981934,1.7402647733688354
451,0.45145145145145144,0.14245985448360443,1.317176342010498,1.729872226715088
452,0.45245245245245247,0.14098010957241058,1.3089144229888916,1.7195485830307007
453,0.45345345345345345,0.13951438665390015,1.3007073402404785,1.7092926502227783
454,0.4544544544544545,0.13806258141994476,1.292555332183838,1.6991046667099
455,0.45545545545545546,0.13662460446357727,1.2844575643539429,1.6889830827713013
456,0.45645645645645644,0.13520027697086334,1.276414155960083,1.6789289712905884
457,0.4574574574574575,0.13378949463367462,1.268423318862915,1.6689395904541016
458,0.45845845845845845,0.13239213824272156,1.2604862451553345,1.659016489982605
459,0.4594594594594595,0.1310080885887146,1.2526017427444458,1.6491576433181763
460,0.46046046046046046,0.1296372264623642,1.244768500328064,1.6393624544143677
461,0.46146146146146144,0.1282794177532196,1.2369868755340576,1.6296312808990479
462,0.4624624624624625,0.12693455815315247,1.2292574644088745,1.6199642419815063
463,0.46346346346346345,0.12560251355171204,1.2215787172317505,1.6103590726852417
464,0.4644644644644645,0.12428318709135056,1.2139497995376587,1.6008155345916748
465,0.46546546546546547,0.12297645211219788,1.2063707113265991,1.5913335084915161
466,0.46646646646646645,0.12168219685554504,1.1988412141799927,1.581912875175476
467,0.4674674674674675,0.1204003095626831,1.1913608312606812,1.5725526809692383
468,0.46846846846846846,0.1191306859254837,1.1839293241500854,1.563252568244934
469,0.4694694694694695,0.11787320673465729,1.1765458583831787,1.5540117025375366
470,0.47047047047047047,0.1166277676820755,1.1692110300064087,1.5448310375213623
471,0.47147147147147145,0.11539425700902939,1.1619229316711426,1.5357073545455933
472,0.4724724724724725,0.1141725704073906,1.1546820402145386,1.5266419649124146
473,0.47347347347347346,0.11296260356903076,1.1474875211715698,1.5176340341567993
474,0.4744744744744745,0.11176422983407974,1.1403403282165527,1.5086843967437744
475,0.4754754754754755,0.11057737469673157,1.133238434791565,1.499790072441101
476,0.47647647647647645,0.10940192639827728,1.1261826753616333,1.490952968597412
477,0.4774774774774775,0.10823776572942734,1.1191715002059937,1.482170820236206
478,0.47847847847847846,0.10708481073379517,1.1122053861618042,1.4734442234039307
479,0.4794794794794795,0.10594294220209122,1.1052839756011963,1.4647728204727173
480,0.4804804804804805,0.10481209307909012,1.0984065532684326,1.4561553001403809
481,0.48148148148148145,0.10369212925434113,1.0915732383728027,1.4475921392440796
482,0.4824824824824825,0.10258299112319946,1.0847827196121216,1.4390816688537598
483,0.48348348348348347,0.10148453712463379,1.078035831451416,1.4306249618530273
484,0.4844844844844845,0.10039670020341873,1.0713318586349487,1.4222207069396973
485,0.4854854854854855,0.09931937605142593,1.0646703243255615,1.4138691425323486
486,0.4864864864864865,0.09825248271226883,1.0580506324768066,1.4055687189102173
487,0.4874874874874875,0.09719591587781906,1.0514724254608154,1.3973197937011719
488,0.48848848848848847,0.09614957869052887,1.0449360609054565,1.3891221284866333
489,0.4894894894894895,0.09511338919401169,1.0384401082992554,1.380974292755127
490,0.4904904904904905,0.09408726543188095,1.0319851636886597,1.3728770017623901
491,0.4914914914914915,0.0930710881948471,1.0255708694458008,1.364829421043396
492,0.4924924924924925,0.09206479787826538,1.019196629524231,1.3568315505981445
493,0.4934934934934935,0.09106828272342682,1.0128618478775024,1.3488823175430298
494,0.4944944944944945,0.09008147567510605,1.0065667629241943,1.3409816026687622
495,0.4954954954954955,0.08910428732633591,1.0003116130828857,1.3331300020217896
496,0.4964964964964965,0.08813662827014923,0.994094729423523,1.3253257274627686
497,0.4974974974974975,0.08717840164899826,0.9879162311553955,1.3175686597824097
498,0.4984984984984985,0.08622953295707703,0.981776237487793,1.309858798980713
499,0.4994994994994995,0.08528994768857956,0.9756747484207153,1.3021962642669678
500,0.5005005005005005,0.0843595489859581,0.9696101546287537,1.294579029083252
501,0.5015015015015015,0.08343826979398727,0.9635836482048035,1.2870088815689087
502,0.5025025025025025,0.08252601325511932,0.9575936198234558,1.2794833183288574
503,0.5035035035035035,0.08162269741296768,0.9516405463218689,1.272003412246704
504,0.5045045045045045,0.08072826266288757,0.9457241296768188,1.2645686864852905
505,0.5055055055055055,0.07984261959791183,0.9398446083068848,1.2571792602539062
506,0.5065065065065065,0.0789656862616539,0.9340001940727234,1.2498329877853394
507,0.5075075075075075,0.0780973806977272,0.9281914234161377,1.2425304651260376
508,0.5085085085085085,0.07723763585090637,0.9224187731742859,1.2352722883224487
509,0.5095095095095095,0.07638636976480484,0.916681170463562,1.228057622909546
510,0.5105105105105106,0.07554350793361664,0.9109782576560974,1.2208850383758545
511,0.5115115115115115,0.0747089758515358,0.9053100943565369,1.2137551307678223
512,0.5125125125125125,0.07388269901275635,0.8996765613555908,1.2066683769226074
513,0.5135135135135135,0.07306461036205292,0.8940767049789429,1.1996227502822876
514,0.5145145145145145,0.07225462049245834,0.8885112404823303,1.1926194429397583
515,0.5155155155155156,0.07145267724990845,0.8829792141914368,1.1856571435928345
516,0.5165165165165165,0.07065869122743607,0.8774802684783936,1.1787352561950684
517,0.5175175175175175,0.06987260282039642,0.872014582157135,1.1718546152114868
518,0.5185185185185185,0.06909433007240295,0.8665823340415955,1.1650149822235107
519,0.5195195195195195,0.06832381337881088,0.8611820340156555,1.1582143306732178
520,0.5205205205205206,0.06756098568439484,0.8558140993118286,1.1514538526535034
521,0.5215215215215215,0.06680577248334885,0.8504785895347595,1.14473295211792
522,0.5225225225225225,0.06605809926986694,0.8451752662658691,1.1380516290664673
523,0.5235235235235235,0.06531790643930435,0.8399033546447754,1.1314088106155396
524,0.5245245245245245,0.0645851269364357,0.8346631526947021,1.1248053312301636
525,0.5255255255255256,0.06385970115661621,0.8294539451599121,1.1182392835617065
526,0.5265265265265265,0.06314154714345932,0.8242758512496948,1.1117117404937744
527,0.5275275275275275,0.06243060901761055,0.8191286325454712,1.1052223443984985
528,0.5285285285285285,0.06172681599855423,0.8140118718147278,1.0987699031829834
529,0.5295295295295295,0.06103011965751648,0.8089251518249512,1.0923547744750977
530,0.5305305305305306,0.06034043803811073,0.8038687109947205,1.0859763622283936
531,0.5315315315315315,0.05965772271156311,0.79884272813797,1.079635739326477
532,0.5325325325325325,0.058981895446777344,0.7938458323478699,1.0733305215835571
533,0.5335335335335335,0.058312904089689255,0.7888787984848022,1.0670617818832397
534,0.5345345345345346,0.05765068903565407,0.7839402556419373,1.0608285665512085
535,0.5355355355355356,0.05699518322944641,0.7790313959121704,1.0546313524246216
536,0.5365365365365365,0.056346334517002106,0.7741513848304749,1.0484699010849
537,0.5375375375375375,0.05570407211780548,0.7692998051643372,1.0423426628112793
538,0.5385385385385385,0.05506834760308266,0.7644771337509155,1.0362515449523926
539,0.5395395395395396,0.05443909391760826,0.7596818804740906,1.0301936864852905
540,0.5405405405405406,0.05381625145673752,0.7549152374267578,1.024170994758606
541,0.5415415415415415,0.05319977179169655,0.7501762509346008,1.0181825160980225
542,0.5425425425425425,0.05258959159255028,0.7454648613929749,1.0122276544570923
543,0.5435435435435435,0.051985643804073334,0.7407810091972351,1.0063064098358154
544,0.5445445445445446,0.05138789489865303,0.7361240983009338,1.0004183053970337
545,0.5455455455455456,0.0507962703704834,0.7314949035644531,0.9945643544197083
546,0.5465465465465466,0.05021072179079056,0.7268921136856079,0.9887427091598511
547,0.5475475475475475,0.04963119328022003,0.722316324710846,0.9829540848731995
548,0.5485485485485485,0.04905762895941734,0.7177664637565613,0.9771973490715027
549,0.5495495495495496,0.04848996922373772,0.713243305683136,0.9714730978012085
550,0.5505505505505506,0.04792817682027817,0.7087461352348328,0.9657809138298035
551,0.5515515515515516,0.047372180968523026,0.7042754292488098,0.9601211547851562
552,0.5525525525525525,0.04682193696498871,0.6998301148414612,0.9544925689697266
553,0.5535535535535535,0.04627739265561104,0.6954101324081421,0.9488949179649353
554,0.5545545545545546,0.045738495886325836,0.6910158395767212,0.9433287382125854
555,0.5555555555555556,0.045205190777778625,0.6866466999053955,0.9377934336662292
556,0.5565565565565566,0.044677432626485825,0.6823028326034546,0.9322888851165771
557,0.5575575575575575,0.04415516182780266,0.6779834032058716,0.9268144369125366
558,0.5585585585585585,0.04363834112882614,0.6736895442008972,0.9213711023330688
559,0.5595595595595596,0.0431269034743309,0.6694197654724121,0.9159574508666992
560,0.5605605605605606,0.04262081906199455,0.6651743650436401,0.9105735421180725
561,0.5615615615615616,0.04212002456188202,0.6609532833099365,0.9052196145057678
562,0.5625625625625625,0.04162447527050972,0.6567557454109192,0.8998942971229553
563,0.5635635635635635,0.041134122759103775,0.652582585811615,0.8945989608764648
564,0.5645645645645646,0.0406489260494709,0.6484336256980896,0.8893331289291382
565,0.5655655655655656,0.04016882926225662,0.644307553768158,0.8840951919555664
566,0.5665665665665666,0.03969378024339676,0.6402052044868469,0.8788865208625793
567,0.5675675675675675,0.039223745465278625,0.6361257433891296,0.8737059235572815
568,0.5685685685685685,0.03875867277383804,0.6320698261260986,0.8685538172721863
569,0.5695695695695696,0.03829851746559143,0.6280366778373718,0.8634297251701355
570,0.5705705705705706,0.03784322738647461,0.6240265965461731,0.8583337664604187
571,0.5715715715715716,0.03739277273416519,0.6200391054153442,0.8532654643058777
572,0.5725725725725725,0.036947090178728104,0.6160738468170166,0.848224401473999
573,0.5735735735735735,0.03650614619255066,0.6121314167976379,0.8432111740112305
574,0.5745745745745746,0.03606989607214928,0.6082109212875366,0.8382249474525452
575,0.5755755755755756,0.035638291388750076,0.6043124198913574,0.8332654237747192
576,0.5765765765765766,0.03521129488945007,0.6004356145858765,0.8283324837684631
577,0.5775775775775776,0.034788861870765686,0.5965811610221863,0.8234269022941589
578,0.5785785785785785,0.03437094762921333,0.5927479863166809,0.8185473084449768
579,0.5795795795795796,0.03395750746130943,0.5889365673065186,0.8136942386627197
580,0.5805805805805806,0.0335485078394413,0.5851462483406067,0.8088670372962952
581,0.5815815815815816,0.03314390033483505,0.5813771486282349,0.8040657639503479
582,0.5825825825825826,0.03274364396929741,0.5776292085647583,0.799290120601654
583,0.5835835835835835,0.032347701489925385,0.5739023089408875,0.7945404648780823
584,0.5845845845845846,0.031956031918525696,0.5701962113380432,0.7898160219192505
585,0.5855855855855856,0.03156859055161476,0.5665106177330017,0.7851167917251587
586,0.5865865865865866,0.031185340136289597,0.5628456473350525,0.7804426550865173
587,0.5875875875875876,0.030806243419647217,0.5592012405395508,0.7757936716079712
588,0.5885885885885885,0.03043125756084919,0.5555770397186279,0.7711691856384277
589,0.5895895895895896,0.03006034344434738,0.5519729256629944,0.7665693759918213
590,0.5905905905905906,0.029693467542529106,0.5483889579772949,0.761993944644928
591,0.5915915915915916,0.02933058701455593,0.5448247790336609,0.7574430108070374
592,0.5925925925925926,0.028971662744879723,0.5412803292274475,0.7529157996177673
593,0.5935935935935935,0.028616661205887794,0.5377556681632996,0.7484130859375
594,0.5945945945945946,0.028265543282032013,0.5342501401901245,0.7439334988594055
595,0.5955955955955956,0.027918271720409393,0.5307645201683044,0.7394782304763794
596,0.5965965965965966,0.0275748111307621,0.5272977948188782,0.7350459694862366
597,0.5975975975975976,0.027235122397542,0.5238505601882935,0.7306375503540039
598,0.5985985985985987,0.026899170130491257,0.5204223394393921,0.7262522578239441
599,0.5995995995995996,0.026566920801997185,0.5170127749443054,0.7218896150588989
600,0.6006006006006006,0.02623833529651165,0.5136220455169678,0.7175500392913818
601,0.6016016016016016,0.025913383811712265,0.5102502703666687,0.7132335305213928
602,0.6026026026026026,0.025592023506760597,0.5068967342376709,0.7089394330978394
603,0.6036036036036037,0.025274226441979408,0.5035618543624878,0.7046679258346558
604,0.6046046046046046,0.024959955364465714,0.5002452731132507,0.7004187107086182
605,0.6056056056056056,0.024649176746606827,0.49694693088531494,0.6961917281150818
606,0.6066066066066066,0.02434185892343521,0.49366676807403564,0.6919867396354675
607,0.6076076076076076,0.024037960916757584,0.49040457606315613,0.6878036856651306
608,0.6086086086086087,0.023737460374832153,0.4871600270271301,0.6836422681808472
609,0.6096096096096096,0.023440316319465637,0.48393329977989197,0.679502546787262
610,0.6106106106106106,0.023146498948335648,0.4807247817516327,0.6753848195075989
611,0.6116116116116116,0.0228559747338295,0.4775333106517792,0.6712880730628967
612,0.6126126126126126,0.022568712010979652,0.4743596017360687,0.6672126650810242
613,0.6136136136136137,0.022284679114818573,0.4712028205394745,0.6631580591201782
614,0.6146146146146146,0.022003844380378723,0.4680636525154114,0.6591247916221619
615,0.6156156156156156,0.021726176142692566,0.46494144201278687,0.6551121473312378
616,0.6166166166166166,0.021451642736792564,0.4618365466594696,0.6511207222938538
617,0.6176176176176176,0.02118021436035633,0.4587485194206238,0.6471496820449829
618,0.6186186186186187,0.020911861211061478,0.4556770324707031,0.6431987881660461
619,0.6196196196196196,0.02064654789865017,0.4526226222515106,0.6392686367034912
620,0.6206206206206206,0.020384253934025764,0.4495847821235657,0.6353586912155151
621,0.6216216216216216,0.02012494020164013,0.4465632438659668,0.6314684748649597
622,0.6226226226226226,0.019868582487106323,0.44355812668800354,0.627598226070404
623,0.6236236236236237,0.01961514912545681,0.44056984782218933,0.6237485408782959
624,0.6246246246246246,0.019364608451724052,0.4375975430011749,0.6199181079864502
625,0.6256256256256256,0.01911693997681141,0.43464136123657227,0.6161074638366699
626,0.6266266266266266,0.018872106447815895,0.43170133233070374,0.6123161911964417
627,0.6276276276276276,0.01863008365035057,0.42877697944641113,0.6085441708564758
628,0.6286286286286287,0.018390843644738197,0.42586857080459595,0.6047914624214172
629,0.6296296296296297,0.018154358491301537,0.42297613620758057,0.6010581254959106
630,0.6306306306306306,0.01792060025036335,0.4200994372367859,0.597343921661377
631,0.6316316316316316,0.01768953911960125,0.41723811626434326,0.593648374080658
632,0.6326326326326326,0.017461149021983147,0.414392352104187,0.589971661567688
633,0.6336336336336337,0.01723540388047695,0.4115619361400604,0.5863136053085327
634,0.6346346346346347,0.017012279480695724,0.4087470471858978,0.5826743841171265
635,0.6356356356356356,0.01679174415767193,0.40594732761383057,0.579053521156311
636,0.6366366366366366,0.016573777422308922,0.40316280722618103,0.5754511952400208
637,0.6376376376376376,0.016358347609639168,0.4003932774066925,0.5718668103218079
638,0.6386386386386387,0.016145430505275726,0.3976384699344635,0.5683006048202515
639,0.6396396396396397,0.015935005620121956,0.3948988914489746,0.5647526383399963
640,0.6406406406406406,0.01572703942656517,0.39217403531074524,0.5612226128578186
641,0.6416416416416416,0.015521513298153877,0.38946372270584106,0.5577101707458496
642,0.6426426426426426,0.015318397432565689,0.38676825165748596,0.554215669631958
643,0.6436436436436437,0.015117669478058815,0.3840874433517456,0.550739049911499
644,0.6446446446446447,0.01491930615156889,0.38142091035842896,0.5472796559333801
645,0.6456456456456456,0.014723283238708973,0.3787688910961151,0.54383784532547
646,0.6466466466466466,0.014529572799801826,0.37613093852996826,0.5404131412506104
647,0.6476476476476476,0.014338153414428234,0.3735073506832123,0.5370057225227356
648,0.6486486486486487,0.014149002730846405,0.37089803814888,0.5336155891418457
649,0.6496496496496497,0.013962095603346825,0.3683028817176819,0.5302426218986511
650,0.6506506506506506,0.013777408748865128,0.3657214045524597,0.5268862843513489
651,0.6516516516516516,0.013594919815659523,0.3631540536880493,0.5235469341278076
652,0.6526526526526526,0.013414605520665646,0.3606002926826477,0.5202240943908691
653,0.6536536536536537,0.013236443512141705,0.35806044936180115,0.5169180035591125
654,0.6546546546546547,0.013060410507023335,0.3555344045162201,0.5136286616325378
655,0.6556556556556556,0.012886486016213894,0.35302168130874634,0.5103554725646973
656,0.6566566566566566,0.012714646756649017,0.35052287578582764,0.5070990324020386
657,0.6576576576576577,0.01254486944526434,0.3480374217033386,0.5038588047027588
658,0.6586586586586587,0.012377134524285793,0.3455650508403778,0.5006343126296997
659,0.6596596596596597,0.012211420573294163,0.34310606122016907,0.4974260628223419
660,0.6606606606606606,0.012047706171870232,0.3406605124473572,0.4942339062690735
661,0.6616616616616616,0.011885968036949635,0.33822810649871826,0.4910578429698944
662,0.6626626626626627,0.01172618754208088,0.33580899238586426,0.48789769411087036
663,0.6636636636636637,0.01156834326684475,0.3334026336669922,0.4847530126571655
664,0.6646646646646647,0.011412414722144604,0.3310091495513916,0.4816237986087799
665,0.6656656656656657,0.0112583814188838,0.3286285400390625,0.47851014137268066
666,0.6666666666666666,0.011106222867965698,0.3262609541416168,0.47541218996047974
667,0.6676676676676677,0.01095591951161623,0.3239060938358307,0.47232961654663086
668,0.6686686686686687,0.010807450860738754,0.321563720703125,0.46926215291023254
669,0.6696696696696697,0.010660798288881779,0.31923431158065796,0.46621033549308777
670,0.6706706706706707,0.010515942238271236,0.3169173002243042,0.46317341923713684
671,0.6716716716716716,0.01037286315113306,0.31461256742477417,0.4601513147354126
672,0.6726726726726727,0.010231541469693184,0.31232044100761414,0.4571443796157837
673,0.6736736736736737,0.010091958567500114,0.31004050374031067,0.45415210723876953
674,0.6746746746746747,0.00995409581810236,0.3077729642391205,0.45117485523223877
675,0.6756756756756757,0.009817934595048428,0.30551788210868835,0.4482126235961914
676,0.6766766766766766,0.009683456271886826,0.3032747209072113,0.44526469707489014
677,0.6776776776776777,0.009550642222166061,0.3010435104370117,0.4423312544822693
678,0.6786786786786787,0.009419474750757217,0.29882434010505676,0.4394122362136841
679,0.6796796796796797,0.009289936162531376,0.2966172695159912,0.43650779128074646
680,0.6806806806806807,0.00916200876235962,0.2944221794605255,0.4336177706718445
681,0.6816816816816816,0.00903567485511303,0.29223883152008057,0.4307418465614319
682,0.6826826826826827,0.00891091674566269,0.2900674045085907,0.42788028717041016
683,0.6836836836836837,0.008787715807557106,0.28790757060050964,0.4250327944755554
684,0.6846846846846847,0.00866605807095766,0.28575924038887024,0.4221990406513214
685,0.6856856856856857,0.008545923046767712,0.28362271189689636,0.41937944293022156
686,0.6866866866866866,0.00842729676514864,0.2814977467060089,0.41657373309135437
687,0.6876876876876877,0.008310161530971527,0.2793840765953064,0.41378161311149597
688,0.6886886886886887,0.008194499649107456,0.2772819697856903,0.41100355982780457
689,0.6896896896896897,0.008080297149717808,0.27519139647483826,0.4082392454147339
690,0.6906906906906907,0.007967536337673664,0.2731117904186249,0.40548810362815857
691,0.6916916916916916,0.007856201380491257,0.27104368805885315,0.40275076031684875
692,0.6926926926926927,0.007746276445686817,0.2689865827560425,0.4000266492366791
693,0.6936936936936937,0.007637745700776577,0.266940712928772,0.397316038608551
694,0.6946946946946947,0.007530593313276768,0.26490601897239685,0.39461883902549744
695,0.6956956956956957,0.007424804847687483,0.26288244128227234,0.3919350504875183
696,0.6966966966966966,0.007320364471524954,0.2608695328235626,0.38926395773887634
697,0.6976976976976977,0.007217255886644125,0.2588675618171692,0.3866059482097626
698,0.6986986986986987,0.007115465123206377,0.2568766176700592,0.3839612901210785
699,0.6996996996996997,0.0070149777457118034,0.25489649176597595,0.38132956624031067
700,0.7007007007007007,0.00691577885299921,0.25292709469795227,0.37871071696281433
701,0.7017017017017017,0.006817853543907404,0.2509682774543762,0.37610453367233276
702,0.7027027027027027,0.00672118691727519,0.24902035295963287,0.3735114634037018
703,0.7037037037037037,0.006625764537602663,0.24708279967308044,0.37093082070350647
704,0.7047047047047047,0.006531574297696352,0.24515590071678162,0.3683629035949707
705,0.7057057057057057,0.0064385998994112015,0.24323950707912445,0.36580753326416016
706,0.7067067067067067,0.006346828304231167,0.24133342504501343,0.3632645010948181
707,0.7077077077077077,0.0062562450766563416,0.23943789303302765,0.360734224319458
708,0.7087087087087087,0.006166838109493256,0.23755280673503876,0.35821640491485596
709,0.7097097097097097,0.006078592501580715,0.2356777787208557,0.35571056604385376
710,0.7107107107107107,0.005991495680063963,0.23381313681602478,0.3532171845436096
711,0.7117117117117117,0.005905534140765667,0.2319585382938385,0.3507358729839325
712,0.7127127127127127,0.005820694379508495,0.2301141917705536,0.34826675057411194
713,0.7137137137137137,0.005736963823437691,0.2282799780368805,0.34580984711647034
714,0.7147147147147147,0.005654329899698496,0.22645582258701324,0.3433648645877838
715,0.7157157157157157,0.005572779569774866,0.22464168071746826,0.3409319221973419
716,0.7167167167167167,0.005492299795150757,0.22283750772476196,0.3385108709335327
717,0.7177177177177178,0.005412878934293985,0.22104305028915405,0.33610138297080994
718,0.7187187187187187,0.00533450348302722,0.219258651137352,0.33370399475097656
719,0.7197197197197197,0.005257162731140852,0.21748393774032593,0.3313181698322296
720,0.7207207207207207,0.005180844105780125,0.2157191038131714,0.3289440870285034
721,0.7217217217217218,0.0051055350340902805,0.21396413445472717,0.3265818655490875
722,0.7227227227227228,0.005031222943216562,0.21221870183944702,0.32423099875450134
723,0.7237237237237237,0.004957898054271936,0.21048277616500854,0.3218914270401001
724,0.7247247247247247,0.004885547794401646,0.2087564915418625,0.3195633888244629
725,0.7257257257257257,0.004814160522073507,0.20703981816768646,0.31724682450294495
726,0.7267267267267268,0.004743725061416626,0.2053327113389969,0.3149417042732239
727,0.7277277277277278,0.004674229305237532,0.2036350518465042,0.31264784932136536
728,0.7287287287287287,0.004605663474649191,0.2019469290971756,0.31036534905433655
729,0.7297297297297297,0.004538014996796846,0.20026792585849762,0.30809369683265686
730,0.7307307307307307,0.004471275024116039,0.19859828054904938,0.30583322048187256
731,0.7317317317317318,0.004405430983752012,0.19693799316883087,0.30358389019966125
732,0.7327327327327328,0.004340472165495157,0.19528701901435852,0.3013456463813782
733,0.7337337337337337,0.004276388790458441,0.19364513456821442,0.29911819100379944
734,0.7347347347347347,0.004213170148432255,0.19201260805130005,0.29690200090408325
735,0.7357357357357357,0.004150805063545704,0.19038911163806915,0.29469648003578186
736,0.7367367367367368,0.004089284222573042,0.18877458572387695,0.29250165820121765
737,0.7377377377377378,0.004028596915304661,0.18716923892498016,0.29031774401664734
738,0.7387387387387387,0.003968733362853527,0.1855727732181549,0.28814437985420227
739,0.7397397397397397,0.003909683786332607,0.18398535251617432,0.28598183393478394
740,0.7407407407407407,0.003851437708362937,0.18240688741207123,0.2838298976421356
741,0.7417417417417418,0.00379398581571877,0.18083743751049042,0.28168874979019165
742,0.7427427427427428,0.0037373178638517857,0.17927657067775726,0.2795577645301819
743,0.7437437437437437,0.0036814252380281687,0.17772454023361206,0.2774372398853302
744,0.7447447447447447,0.0036262974608689547,0.1761813908815384,0.27532732486724854
745,0.7457457457457457,0.0035719259176403284,0.17464694380760193,0.2732277512550354
746,0.7467467467467468,0.0035183008294552565,0.17312119901180267,0.2711385190486908
747,0.7477477477477478,0.00346541334874928,0.17160415649414062,0.26905959844589233
748,0.7487487487487487,0.0034132543951272964,0.17009569704532623,0.26699092984199524
749,0.7497497497497497,0.0033618148881942034,0.16859574615955353,0.2649323046207428
750,0.7507507507507507,0.003311085980385542,0.16710442304611206,0.26288390159606934
751,0.7517517517517518,0.003261059056967497,0.16562162339687347,0.2608456611633301
752,0.7527527527527528,0.003211724804714322,0.16414718329906464,0.25881731510162354
753,0.7537537537537538,0.0031630753073841333,0.16268131136894226,0.2567991614341736
754,0.7547547547547547,0.0031151017174124718,0.16122393310070038,0.25479111075401306
755,0.7557557557557557,0.003067796118557453,0.15977469086647034,0.252792626619339
756,0.7567567567567568,0.003021149430423975,0.15833383798599243,0.2508041262626648
757,0.7577577577577578,0.002975153736770153,0.15690132975578308,0.2488255500793457
758,0.7587587587587588,0.0029298008885234594,0.1554771512746811,0.24685680866241455
759,0.7597597597597597,0.00288508296944201,0.15406115353107452,0.24489781260490417
760,0.7607607607607607,0.0028409920632839203,0.15265339612960815,0.24294854700565338
761,0.7617617617617618,0.002797519788146019,0.15125375986099243,0.241008922457695
762,0.7627627627627628,0.0027546589262783527,0.1498621702194214,0.23907878994941711
763,0.7637637637637638,0.00271240109577775,0.14847877621650696,0.23715840280056
764,0.7647647647647647,0.002670739544555545,0.1471034437417984,0.23524755239486694
765,0.7657657657657657,0.0026296661235392094,0.14573615789413452,0.23334625363349915
766,0.7667667667667668,0.002589173149317503,0.1443767249584198,0.23145419359207153
767,0.7677677677677678,0.0025492538698017597,0.14302551746368408,0.22957192361354828
768,0.7687687687687688,0.002509900601580739,0.14168202877044678,0.22769875824451447
769,0.7697697697697697,0.0024711063597351313,0.14034654200077057,0.22583505511283875
770,0.7707707707707707,0.002432863926514983,0.13901878893375397,0.22398050129413605
771,0.7717717717717718,0.002395165618509054,0.13769900798797607,0.22213540971279144
772,0.7727727727727728,0.002358005614951253,0.13638705015182495,0.22029952704906464
773,0.7737737737737738,0.002321375999599695,0.13508284091949463,0.21847280859947205
774,0.7747747747747747,0.002285270718857646,0.1337864249944687,0.21665528416633606
775,0.7757757757757757,0.002249682554975152,0.13249759376049042,0.21484674513339996
776,0.7767767767767768,0.0022146045230329037,0.13121655583381653,0.21304742991924286
777,0.7777777777777778,0.002180030569434166,0.1299431473016739,0.21125714480876923
778,0.7787787787787788,0.0021459541749209166,0.1286773979663849,0.20947588980197906
779,0.7797797797797797,0.002112368820235133,0.12741926312446594,0.2077036201953888
780,0.7807807807807807,0.0020792679861187935,0.12616866827011108,0.20594026148319244
781,0.7817817817817818,0.002046645153313875,0.12492553889751434,0.20418569445610046
782,0.7827827827827828,0.002014494501054287,0.12369000911712646,0.20244011282920837
783,0.7837837837837838,0.0019828095100820065,0.12246197462081909,0.20070339739322662
784,0.7847847847847848,0.001951584592461586,0.12124128639698029,0.1989753246307373
785,0.7857857857857858,0.001920813345350325,0.12002813071012497,0.1972561776638031
786,0.7867867867867868,0.0018904897151514888,0.1188223659992218,0.1955457180738449
787,0.7877877877877878,0.0018606079975143075,0.11762396991252899,0.19384397566318512
788,0.7887887887887888,0.00183116237167269,0.11643292754888535,0.19215090572834015
789,0.7897897897897898,0.0018021470168605447,0.11524908989667892,0.19046632945537567
790,0.7907907907907908,0.0017735562287271023,0.11407266557216644,0.1887904703617096
791,0.7917917917917918,0.0017453845357522368,0.11290349811315536,0.18712320923805237
792,0.7927927927927928,0.001717626117169857,0.1117415577173233,0.18546442687511444
793,0.7937937937937938,0.0016902756178751588,0.11058683693408966,0.18381419777870178
794,0.7947947947947948,0.00166332779917866,0.10943928360939026,0.18217240273952484
795,0.7957957957957958,0.0016367770731449127,0.10829882323741913,0.18053892254829407
796,0.7967967967967968,0.001610618201084435,0.10716554522514343,0.17891399562358856
797,0.7977977977977978,0.0015848458278924227,0.10603941977024078,0.1772974282503128
798,0.7987987987987988,0.001559455064125359,0.10492027550935745,0.17568910121917725
799,0.7997997997997998,0.0015344404382631183,0.10380825400352478,0.17408917844295502
800,0.8008008008008008,0.0015097970608621836,0.10270338505506516,0.1724977195262909
801,0.8018018018018018,0.0014855200424790382,0.10160534083843231,0.17091423273086548
802,0.8028028028028028,0.0014616041444242,0.10051432996988297,0.16933907568454742
803,0.8038038038038038,0.0014380448265001178,0.09943023324012756,0.16777202486991882
804,0.8048048048048048,0.001414836966432631,0.09835314005613327,0.166213259100914
805,0.8058058058058059,0.0013919761404395103,0.09728296101093292,0.16466261446475983
806,0.8068068068068068,0.0013694572262465954,0.0962197482585907,0.16312021017074585
807,0.8078078078078078,0.0013472759164869785,0.09516321867704391,0.16158562898635864
808,0.8088088088088088,0.0013254275545477867,0.09411356598138809,0.1600591540336609
809,0.8098098098098098,0.001303907367400825,0.09307079017162323,0.15854080021381378
810,0.8108108108108109,0.0012827111640945077,0.09203478693962097,0.1570304036140442
811,0.8118118118118118,0.0012618342880159616,0.0910055860877037,0.15552803874015808
812,0.8128128128128128,0.0012412724317982793,0.0899830237030983,0.15403343737125397
813,0.8138138138138138,0.001221021288074553,0.08896737545728683,0.15254703164100647
814,0.8148148148148148,0.001201076665893197,0.08795823901891708,0.15106824040412903
815,0.8158158158158159,0.0011814343743026257,0.08695587515830994,0.14959745109081268
816,0.8168168168168168,0.0011620898731052876,0.08596017211675644,0.1481344997882843
817,0.8178178178178178,0.0011430393205955625,0.08497100323438644,0.14667925238609314
818,0.8188188188188188,0.0011242786422371864,0.08398856967687607,0.1452319175004959
819,0.8198198198198198,0.0011058038799092174,0.08301270008087158,0.1437923014163971
820,0.8208208208208209,0.0010876110754907131,0.08204340189695358,0.14236044883728027
821,0.8218218218218218,0.001069696038030088,0.08108057826757431,0.1409362107515335
822,0.8228228228228228,0.0010520551586523652,0.0801243782043457,0.13951976597309113
823,0.8238238238238238,0.0010346845956519246,0.07917465269565582,0.13811095058918
824,0.8248248248248248,0.001017580390907824,0.07823142409324646,0.1367097795009613
825,0.8258258258258259,0.0010007389355450869,0.07729467749595642,0.13531625270843506
826,0.8268268268268268,0.0009841565042734146,0.07636436074972153,0.1339302808046341
827,0.8278278278278278,0.0009678295464254916,0.0754404217004776,0.13255181908607483
828,0.8288288288288288,0.0009517543949186802,0.07452293485403061,0.13118095695972443
829,0.8298298298298298,0.0009359274990856647,0.07361184805631638,0.1298176497220993
830,0.8308308308308309,0.0009203454246744514,0.07270713150501251,0.1284618377685547
831,0.8318318318318318,0.0009050045628100634,0.07180868089199066,0.12711338698863983
832,0.8328328328328328,0.0008899016538634896,0.07091663777828217,0.12577250599861145
833,0.8338338338338338,0.0008750332635827363,0.07003087550401688,0.12443903833627701
834,0.8348348348348348,0.0008603960741311312,0.06915143877267838,0.12311302870512009
835,0.8358358358358359,0.0008459867676720023,0.06827819347381592,0.12179427593946457
836,0.8368368368368369,0.0008318021427839994,0.06741127371788025,0.12048299610614777
837,0.8378378378378378,0.0008178389398381114,0.06655058264732361,0.11917907744646072
838,0.8388388388388388,0.000804093957412988,0.0656960979104042,0.11788247525691986
839,0.8398398398398398,0.0007905642269179225,0.06484781950712204,0.11659319698810577
840,0.8408408408408409,0.0007772465469315648,0.06400565803050995,0.11531110107898712
841,0.8418418418418419,0.0007641378324478865,0.06316971778869629,0.11403636634349823
842,0.8428428428428428,0.0007512351730838418,0.06233992055058479,0.11276888847351074
843,0.8438438438438438,0.0007385355420410633,0.06151624023914337,0.11150863021612167
844,0.8448448448448449,0.0007260360871441662,0.06069862097501755,0.11025549471378326
845,0.8458458458458459,0.0007137338980101049,0.05988714471459389,0.10900964587926865
846,0.8468468468468469,0.0007016259478405118,0.05908174812793732,0.10777097195386887
847,0.8478478478478478,0.0006897096172906458,0.05828240513801575,0.10653945803642273
848,0.8488488488488488,0.0006779821123927832,0.057489100843667984,0.10531507432460785
849,0.8498498498498499,0.000666440580971539,0.05670176073908806,0.10409771651029587
850,0.8508508508508509,0.0006550823454745114,0.05592047795653343,0.10288756340742111
851,0.8518518518518519,0.0006439047283492982,0.05514519661664963,0.10168448835611343
852,0.8528528528528528,0.0006329052266664803,0.05437588319182396,0.10048848390579224
853,0.8538538538538538,0.0006220810464583337,0.05361253023147583,0.09929953515529633
854,0.8548548548548549,0.0006114298012107611,0.052855055779218674,0.09811750799417496
855,0.8558558558558559,0.0006009486969560385,0.05210356414318085,0.09694261848926544
856,0.8568568568568569,0.0005906354635953903,0.05135798454284668,0.09577471762895584
857,0.8578578578578578,0.0005804875399917364,0.05061830207705498,0.09461380541324615
858,0.8588588588588588,0.0005705025396309793,0.04988444223999977,0.09345978498458862
859,0.8598598598598599,0.0005606779595836997,0.0491565577685833,0.09231288731098175
860,0.8608608608608609,0.0005510115879587829,0.04843440279364586,0.09117274731397629
861,0.8618618618618619,0.0005415009218268096,0.04771813377737999,0.09003962576389313
862,0.8628628628628628,0.0005321436328813434,0.04700769484043121,0.08891342580318451
863,0.8638638638638638,0.0005229376256465912,0.046303000301122665,0.08779404312372208
864,0.8648648648648649,0.0005138805136084557,0.045604147017002106,0.08668161928653717
865,0.8658658658658659,0.000504970143083483,0.044911064207553864,0.08557604998350143
866,0.8668668668668669,0.0004962041857652366,0.04422374442219734,0.08447735756635666
867,0.8678678678678678,0.0004875806043855846,0.04354217275977135,0.08338550478219986
868,0.8688688688688688,0.000479097303468734,0.04286627471446991,0.08230040222406387
869,0.8698698698698699,0.00047075210022740066,0.04219614714384079,0.08122218400239944
870,0.8708708708708709,0.0004625429573934525,0.041531726717948914,0.0801507905125618
871,0.8718718718718719,0.0004544677503872663,0.04087299853563309,0.07908619195222855
872,0.8728728728728729,0.0004465246165636927,0.04021993279457092,0.0780283585190773
873,0.8738738738738738,0.00043871140223927796,0.03957248479127884,0.0769772082567215
874,0.8748748748748749,0.00043102624476887286,0.0389307476580143,0.07593292742967606
875,0.8758758758758759,0.00042346722329966724,0.03829463571310043,0.07489537447690964
876,0.8768768768768769,0.00041603235877119005,0.037664152681827545,0.07386457175016403
877,0.8778778778778779,0.00040871973033063114,0.037039224058389664,0.07284040749073029
878,0.8788788788788788,0.00040152762085199356,0.03641998767852783,0.0718231052160263
879,0.8798798798798799,0.0003944540803786367,0.03580624982714653,0.07081237435340881
880,0.8808808808808809,0.00038749739178456366,0.03519812971353531,0.06980841606855392
881,0.8818818818818819,0.00038065563421696424,0.034595515578985214,0.06881105899810791
882,0.8828828828828829,0.00037392714875750244,0.03399849683046341,0.0678204596042633
883,0.8838838838838838,0.0003673102182801813,0.033407021313905716,0.06683653593063354
884,0.8848848848848849,0.0003608030965551734,0.032821062952280045,0.06585927307605743
885,0.8858858858858859,0.00035440412466414273,0.0322406105697155,0.06488867104053497
886,0.8868868868868869,0.00034811158548109233,0.0316656194627285,0.0639246329665184
887,0.8878878878878879,0.00034192390739917755,0.031096158549189568,0.06296730786561966
888,0.8888888888888888,0.0003358394023962319,0.030532170087099075,0.06201661378145218
889,0.8898898898898899,0.00032985652796924114,0.029973652213811874,0.06107254698872566
890,0.8908908908908909,0.00032397371251136065,0.029420584440231323,0.06013510748744011
891,0.8918918918918919,0.00031818938441574574,0.028872955590486526,0.05920426920056343
892,0.8928928928928929,0.0003125020011793822,0.028330719098448753,0.05827997252345085
893,0.8938938938938938,0.0003069101367145777,0.027793943881988525,0.057362351566553116
894,0.8948948948948949,0.00030141216120682657,0.027262577787041664,0.05645132064819336
895,0.8958958958958959,0.0002960067940875888,0.026736566796898842,0.05554681271314621
896,0.8968968968968969,0.0002906924346461892,0.026215985417366028,0.054648954421281815
897,0.8978978978978979,0.0002854677150025964,0.025700777769088745,0.0537576824426651
898,0.8988988988988988,0.0002803312672767788,0.025190945714712143,0.052873000502586365
899,0.8998998998998999,0.00027528166538104415,0.024686463177204132,0.05199488252401352
900,0.9009009009009009,0.00027031757053919137,0.02418728545308113,0.05112327262759209
901,0.9019019019019019,0.000265437614871189,0.023693488910794258,0.05025830492377281
902,0.9029029029029029,0.00026064051780849695,0.02320501208305359,0.04939989373087883
903,0.9039039039039038,0.00025592491147108376,0.022721856832504272,0.04854805767536163
904,0.9049049049049049,0.00025128957349807024,0.022244006395339966,0.04770278558135033
905,0.9059059059059059,0.00024673319421708584,0.021771416068077087,0.04686400666832924
906,0.9069069069069069,0.00024225452216342092,0.02130414918065071,0.04603185877203941
907,0.9079079079079079,0.00023785234952811152,0.020842157304286957,0.04520627111196518
908,0.908908908908909,0.00023352545395027846,0.020385438576340675,0.044387247413396835
909,0.9099099099099099,0.00022927264217287302,0.019933942705392838,0.04357472062110901
910,0.9109109109109109,0.00022509272093884647,0.019487731158733368,0.042768821120262146
911,0.9119119119119119,0.00022098452609498054,0.019046762958168983,0.04196948558092117
912,0.9129129129129129,0.00021694693714380264,0.018611028790473938,0.041176725178956985
913,0.913913913913914,0.00021297878993209451,0.018180519342422485,0.04039052873849869
914,0.914914914914915,0.00020907902217004448,0.017755191773176193,0.0396108478307724
915,0.9159159159159159,0.00020524651336017996,0.01733510196208954,0.038837794214487076
916,0.9169169169169169,0.00020148017210885882,0.016920210793614388,0.038071323186159134
917,0.9179179179179179,0.0001977789361262694,0.016510512679815292,0.03731144219636917
918,0.918918918918919,0.00019414177222643048,0.01610596291720867,0.03655808046460152
919,0.91991991991992,0.0001905676326714456,0.0157066211104393,0.03581137955188751
920,0.9209209209209209,0.00018705552793107927,0.015312445349991322,0.035071272403001785
921,0.9219219219219219,0.00018360441026743501,0.014923425391316414,0.03433777391910553
922,0.9229229229229229,0.000180213333806023,0.014539558440446854,0.033610887825489044
923,0.923923923923924,0.0001768813090166077,0.014160805381834507,0.03289056941866875
924,0.924924924924925,0.00017360737547278404,0.013787215575575829,0.03217692673206329
925,0.9259259259259259,0.0001703906018519774,0.013418754562735558,0.03146992623806
926,0.9269269269269269,0.0001672300131758675,0.013055413961410522,0.030769571661949158
927,0.9279279279279279,0.00016412476543337107,0.012697190046310425,0.03007587417960167
928,0.928928928928929,0.00016107389819808304,0.012344041839241982,0.02938878908753395
929,0.92992992992993,0.00015807655290700495,0.01199602335691452,0.028708435595035553
930,0.9309309309309309,0.00015513182734139264,0.011653094552457333,0.028034770861268044
931,0.9319319319319319,0.0001522389065939933,0.01131525356322527,0.027367807924747467
932,0.9329329329329329,0.00014939685934223235,0.010982464998960495,0.02670750953257084
933,0.933933933933934,0.0001466049434384331,0.01065477728843689,0.02605399303138256
934,0.934934934934935,0.00014386227121576667,0.010332152247428894,0.025407221168279648
935,0.9359359359359359,0.0001411680568708107,0.010014588944613934,0.024767205119132996
936,0.9369369369369369,0.0001385215000482276,0.009702078998088837,0.024133970960974693
937,0.9379379379379379,0.0001359217712888494,0.009394614957273006,0.023507528007030487
938,0.938938938938939,0.0001333681575488299,0.009092169813811779,0.022887852042913437
939,0.93993993993994,0.000130859887576662,0.008794783614575863,0.022275052964687347
940,0.9409409409409409,0.00012839616101700813,0.008502427488565445,0.021669108420610428
941,0.9419419419419419,0.0001259762648260221,0.008215092122554779,0.02107003517448902
942,0.9429429429429429,0.0001235994859598577,0.007932755164802074,0.020477810874581337
943,0.943943943943944,0.00012126509682275355,0.007655454333871603,0.019892551004886627
944,0.944944944944945,0.00011897238437086344,0.007383158430457115,0.0193142332136631
945,0.9459459459459459,0.00011672065011225641,0.007115864660590887,0.0187428817152977
946,0.9469469469469469,0.00011450921010691673,0.006853547412902117,0.018178483471274376
947,0.9479479479479479,0.00011233739496674389,0.006596241611987352,0.017621150240302086
948,0.948948948948949,0.00011020453530363739,0.006343922112137079,0.017070865258574486
949,0.94994994994995,0.00010810999083332717,0.006096583791077137,0.016527662053704262
950,0.950950950950951,0.00010605309944367036,0.00585422245785594,0.0159915741533041
951,0.9519519519519519,0.0001040332208503969,0.005616813898086548,0.01546258945018053
952,0.9529529529529529,0.00010204975842498243,0.0053843907080590725,0.01494082622230053
953,0.953953953953954,0.00010010207915911451,0.005156930536031723,0.014426279813051224
954,0.954954954954955,9.818957914831117e-05,0.0049344273284077644,0.013918987475335598
955,0.955955955955956,9.631167631596327e-05,0.004716878291219473,0.013418992049992085
956,0.9569569569569569,9.446775948163122e-05,0.004504262935370207,0.012926293537020683
957,0.9579579579579579,9.265726839657873e-05,0.004296609200537205,0.012441015802323818
958,0.958958958958959,9.087963553611189e-05,0.0040938956663012505,0.011963159777224064
959,0.95995995995996,8.913430792745203e-05,0.0038961200043559074,0.011492779478430748
960,0.960960960960961,8.742072532186285e-05,0.0037032628897577524,0.01102988701313734
961,0.9619619619619619,8.573832747060806e-05,0.003515350865200162,0.010574606247246265
962,0.9629629629629629,8.408661960856989e-05,0.0033323641400784254,0.01012695487588644
963,0.963963963963964,8.246504876296967e-05,0.0031542996875941753,0.009686991572380066
964,0.964964964964965,8.087312016868964e-05,0.0029811537824571133,0.009254777804017067
965,0.965965965965966,7.931030995678157e-05,0.0028129112906754017,0.008830344304442406
966,0.9669669669669669,7.777610881021246e-05,0.0026495936326682568,0.008413823321461678
967,0.9679679679679679,7.627005834365264e-05,0.0024911854416131973,0.008005251176655293
968,0.968968968968969,7.479164196411148e-05,0.0023376827593892813,0.007604703307151794
969,0.96996996996997,7.334039401030168e-05,0.0021890720818191767,0.007212228141725063
970,0.970970970970971,7.191584882093593e-05,0.002045372733846307,0.006827967707067728
971,0.9719719719719719,7.051754801068455e-05,0.0019065701635554433,0.006451978348195553
972,0.972972972972973,6.914502591826022e-05,0.001772662508301437,0.006084354128688574
973,0.973973973973974,6.779784598620608e-05,0.0016436467412859201,0.005725191906094551
974,0.974974974974975,6.647556438110769e-05,0.001519510755315423,0.005374568048864603
975,0.975975975975976,6.517775182146579e-05,0.001400271663442254,0.005032648332417011
976,0.9769769769769769,6.390397174982354e-05,0.0012859170092269778,0.004699521232396364
977,0.977977977977978,6.265381671255454e-05,0.001176444930024445,0.004375313874334097
978,0.978978978978979,6.142688653199002e-05,0.0010718528646975756,0.004060158971697092
979,0.97997997997998,6.022274465067312e-05,0.0009721319656819105,0.0037541789934039116
980,0.980980980980981,5.9041012718807906e-05,0.0008772948640398681,0.0034575730096548796
981,0.9819819819819819,5.78812941967044e-05,0.0007873323047533631,0.0031704860739409924
982,0.982982982982983,5.674320345860906e-05,0.0007022424251772463,0.002893097000196576
983,0.983983983983984,5.562636215472594e-05,0.0006220177165232599,0.0026255834382027388
984,0.984984984984985,5.453039921121672e-05,0.0005466687143780291,0.002368197776377201
985,0.985985985985986,5.345494355424307e-05,0.0004761876189149916,0.0021211544517427683
986,0.986986986986987,5.239962774794549e-05,0.0004105733532924205,0.0018847119063138962
987,0.987987987987988,5.136410618433729e-05,0.0003498243459034711,0.0016591555904597044
988,0.988988988988989,5.0348029617452994e-05,0.00029393553268164396,0.0014447900466620922
989,0.98998998998999,4.9351048801327124e-05,0.00024291420413646847,0.001242007128894329
990,0.990990990990991,4.8372832679888234e-05,0.00019675497605931014,0.00105120032094419
991,0.991991991991992,4.741303564514965e-05,0.0001554569898871705,0.000872841861564666
992,0.992992992992993,4.647134483093396e-05,0.0001190220209537074,0.0007074962486512959
993,0.993993993993994,4.554742554319091e-05,8.744151273276657e-05,0.000555786769837141
994,0.994994994994995,4.464097582967952e-05,6.0720834881067276e-05,0.0004185448633506894
995,0.995995995995996,4.375167191028595e-05,3.8860955100972205e-05,0.000296798039926216
996,0.996996996996997,4.287921547074802e-05,2.1859221305930987e-05,0.0001918901689350605
997,0.997997997997998,4.202330455882475e-05,9.714543921290897e-06,0.00010576318163657561
998,0.998998998998999,4.1183640860253945e-05,2.4289274733746424e-06,4.1688130295369774e-05
999,1.0,4.0359936974709854e-05,2.4288902000790813e-09,8.046665243455209e-06
