{
  "os":  "Linux-6.6.105+-x86_64-with-glibc2.35",
  "python":  "CPython 3.12.12",
  "startedAt":  "2025-11-15T16:00:51.010881Z",
  "args":  [
    "run",
    "--config",
    "configs/study/E1_baseline_linear_10k.yaml",
    "--out_dir",
    "/content/drive/MyDrive/noise-sched-e1/runs",
    "--clean_run"
  ],
  "program":  "-m ablation_harness.cli",
  "git":  {
    "remote":  "https://github.com/l-mid/noise-sched.git",
    "commit":  "4edd371d4bbb0bf355fa6b458ff54d758405c7d3"
  },
  "email":  "midjourney4321@gmail.com",
  "root":  "/content/drive/MyDrive/noise-sched-e1/runs/diffusion_10k/diffusion_10k__unet_cifar32__cifar10__adam__lr1e-04__ema1__seed=1077",
  "host":  "37828096b89b",
  "executable":  "/usr/bin/python3",
  "cpu_count":  1,
  "cpu_count_logical":  2,
  "gpu":  "Tesla T4",
  "gpu_count":  1,
  "disk":  {
    "/":  {
      "total":  "120942624768",
      "used":  "41280307200"
    }
  },
  "memory":  {
    "total":  "13605842944"
  },
  "gpu_nvidia":  [
    {
      "name":  "Tesla T4",
      "memoryTotal":  "16106127360",
      "cudaCores":  2560,
      "architecture":  "Turing",
      "uuid":  "GPU-369cfd1e-253c-ee62-84ca-9fad3df500d1"
    }
  ],
  "cudaVersion":  "12.4",
  "writerId":  "86yf0xa6fb52oyjoiodi0oni6efhrhph"
}