{
  "study_name": "diffusion_10k",
  "n_runs": 1,
  "created_at": "2025-11-15T15:59:54Z",
  "runs": [
    {
      "run_id": "diffusion_10k__unet_cifar32__cifar10__adam__lr1e-04__ema1__seed=1077",
      "cfg": {
        "seed": 1077,
        "metric": "val/fid",
        "device": null,
        "deterministic": true,
        "clean_run": false,
        "data": {
          "dataset": "cifar10",
          "subset": null,
          "batch_size": 4,
          "num_workers": 0,
          "shuffle": true
        },
        "model": {
          "name": "unet_cifar32"
        },
        "ema": {
          "enabled": true,
          "decay": 0.9999
        },
        "diffusion": {
          "enabled": true,
          "beta_schedule": "linear"
        },
        "optim": {
          "optimizer": "adam",
          "lr": 0.0001
        },
        "train": {
          "total_steps": 10000,
          "grad_clip": 1.0,
          "amp": false
        },
        "eval": {
          "quick": false,
          "grid": {
            "enabled": true,
            "every": 1000,
            "sampler": "ddim",
            "nfe": 20,
            "n_samples": 36,
            "save_images": true
          },
          "kid": {
            "enabled": false,
            "every": 4000,
            "n_samples": 1024,
            "repeats": 3,
            "sampler": "ddim",
            "nfe": 20
          },
          "fid_milestone": {
            "enabled": false,
            "every": 20000,
            "run_if_kid_improved_pct": 3.0,
            "sampler": "ddpm",
            "nfe": 50,
            "n_samples": 5000,
            "fid_stats": "external/ablation-harness/stats/cifar10_inception_train.npz"
          },
          "final": {
            "enabled": true,
            "at_end": true,
            "sampler": "ddpm",
            "nfe": 50,
            "n_samples": 10000,
            "fid_stats": "external/ablation-harness/stats/cifar10_inception_train.npz"
          }
        },
        "logging": {
          "enable": true,
          "backends": [
            "tensorboard",
            "wandb"
          ],
          "log_every_n_steps": 100,
          "wandb": {
            "mode": "online",
            "project": "noise_sched",
            "run_name": "Test-E1-linear-10k",
            "tags": [
              "E1",
              "baseline",
              "linear",
              "10k"
            ],
            "notes": "E1 baseline-linear-50nfe prereg run"
          },
          "tensorboard": {
            "flush_secs": 10
          }
        },
        "study_name": "diffusion_10k",
        "run_id": "diffusion_10k__unet_cifar32__cifar10__adam__lr1e-04__ema1__seed=1077"
      }
    }
  ]
}